{"_default": {"1": {"abi": "arm64-v8a", "airplaneMode": false, "display": {"secure": true, "height": 1920, "xdpi": 370.7019958496094, "rotation": 0, "id": 0, "size": 5.957783222198486, "density": 3, "url": "ws://10.12.147.98:7424", "width": 1080, "fps": 60, "ydpi": 369.4540100097656}, "using": false}}}